{"N_train": 100, "N_test": 1000, "Ratios": [0.1, 0.16000000000000003, 0.22000000000000003, 0.28, 0.3400000000000001, 0.4], "test_errors": [[0.1, [1.2632690350589297, 1.0328451886695642, 0.9329426875996399, 0.8810087837667604, 0.8553732186276676, 0.8155035147692643, 0.7839730951092274, 0.7683224118781361, 0.7897488407249095, 0.8304702693424106, 0.7660722176393145, 0.7481600730166679, 0.7455426969011765], [0.7455426969011765, 12]], [0.16000000000000003, [1.1539557427832157, 0.9484255743382094, 0.8873705092518888, 0.7937315518383066, 0.7712809760476711, 0.7512275976783076, 0.746772627156076, 0.7462009714509248, 0.7445071873535248, 0.7391304513016257, 0.7383421606817446, 0.7386601964271388, 0.734973497702858, 0.7352589561445118, 0.7319209068871928, 0.7324870298723563, 0.7354191162126476, 0.7338605056492613, 0.7290083634812757], [0.7290083634812757, 18]], [0.22000000000000003, [1.1626775272995027, 0.9690561825766354, 0.8594095900472186, 0.8245633098444575, 0.7782654684016934, 0.749741520714143, 0.7460158314193739, 0.7419955524009464, 0.7420454975909835, 0.742865171596773, 0.741196015627663, 0.7368915532464669, 0.7363376210033443], [0.7363376210033443, 12]], [0.28, [1.0424421231399041, 0.828744879137615, 0.7136007412542031, 0.620917814025487, 0.5519357828696594, 0.5472878867356251, 0.5380515601379989, 0.5439946449360954, 0.5439241564437752, 0.5343783499897453, 0.5255443768226007, 0.5282952893248084, 0.5245121911291569, 0.5197831999487057, 0.5214238844006714, 0.5263718518433529, 0.5224506478624771, 0.5202002444215948, 0.516610427402602, 0.5145201451643838, 0.512425176210771], [0.512425176210771, 20]], [0.3400000000000001, [1.1854145184368334, 0.8155467151495315, 0.7001298778205738, 0.6404626113508769, 0.5844938013811217, 0.5624902022222917, 0.5507524067599313, 0.5506396726255038, 0.5477280651566883, 0.5496995921102859, 0.5521471459795498, 0.5504375453682872, 0.55247164654809, 0.5521956225387482, 0.5472975116728939, 0.549418412936004, 0.5517862880036196, 0.5543956371013334, 0.5473145207233823, 0.5459749888499551, 0.5466830479593043, 0.5456581906162439, 0.5487427349403465, 0.5473620259885161, 0.5501927532494058, 0.5467151390788748, 0.5464594516776548, 0.5433540952796748, 0.5453390712040497, 0.5453954020164093, 0.5460642529981499, 0.5437690953391, 0.5430159705394983, 0.5404201965654924], [0.5404201965654924, 33]], [0.4, [1.0083347357350823, 0.7406484603118659, 0.6047387640763568, 0.5258363310807004, 0.4715998384736221, 0.44376336204399447, 0.42112795923258534, 0.4149041615497512, 0.4135649677729779, 0.4068722691981452, 0.40382992509960874], [0.40382992509960874, 10]]]}