{"N_train": 5000, "N_test": 100000, "mgrid": [1, 3, 5, 7, 9, 11], "alpha_grid": [0.2, 0.3, 0.5, 0.7], "errors": [[1, 0.2, [0.13858726275855623, 0.12799933536354766]], [1, 0.3, [0.1402530312678051, 0.13824430278047223]], [1, 0.5, [0.09845869647668615, 0.11188330326424276]], [1, 0.7, [0.08047647300089948, 0.09716802254213595]], [3, 0.2, [0.22229097058243977, 0.2004869216898142]], [3, 0.3, [0.14382513120786605, 0.14152307917808543]], [3, 0.5, [0.14258489550261852, 0.12429420827565478]], [3, 0.7, [0.13815959241643697, 0.1760635336659966]], [5, 0.2, [0.11576633641030719, 0.13172392251276613]], [5, 0.3, [0.11661000053103776, 0.14251379529739416]], [5, 0.5, [0.11421212693223586, 0.12301700703887619]], [5, 0.7, [0.09270168545393224, 0.0965970431290591]], [7, 0.2, [0.12725034744818234, 0.1332064786384502]], [7, 0.3, [0.108809870292262, 0.08657603829899913]], [7, 0.5, [0.09751554726968159, 0.11435899065748564]], [7, 0.7, [0.13505031198210177, 0.1229537548148353]], [9, 0.2, [0.11026727254247774, 0.11240626377336653]], [9, 0.3, [0.1067585833758926, 0.10504408694757433]], [9, 0.5, [0.10151761783141652, 0.10851059655768557]], [9, 0.7, [0.15692308298232244, 0.1361592169304246]], [11, 0.2, [0.15236249777639121, 0.1280083277152868]], [11, 0.3, [0.11968511078575077, 0.09917331310718742]], [11, 0.5, [0.1196520670152409, 0.11807963635932774]], [11, 0.7, [0.098336403195492, 0.104417899519232]]]}