{"N_train": 5000, "N_test": 50000, "Ratios": [0.1, 0.2285714285714286, 0.3571428571428572, 0.48571428571428577, 0.6142857142857143, 0.7428571428571429, 0.8714285714285716, 1.0], "test_errors": [[0.1, [1.0590402798175318, 0.6810348828655522, 0.4479051608862866, 0.3009400727505931, 0.2077199568368006, 0.15767862766876398, 0.11965226757936323, 0.10642574219949182, 0.0955066751648334, 0.0875974209534098, 0.08650707735565395, 0.08559856174426793, 0.08518448246167337, 0.08535737005384363, 0.0850133932901034, 0.08488520342640804, 0.08493942128260677, 0.08488923443919519, 0.08485011829420315, 0.08480539026874188, 0.07051250957633778, 0.0705721054977657, 0.070420082352429, 0.07050453394744768, 0.07055264838079837, 0.0709964476305166, 0.07095884972067985, 0.06875728113503835, 0.06884836055372137, 0.06731192787115821, 0.0669850685099855, 0.06690469675091078, 0.06667753181259645, 0.0666899615983439, 0.06662922139532292], [0.06662922139532292, 34]], [0.2285714285714286, [1.0577186615387555, 0.6794972586768958, 0.433002892274897, 0.28812952291138605, 0.20231118759050631, 0.1429894654011213, 0.10884925679781896, 0.09439115985672515, 0.08684662424848537, 0.08280692381879616, 0.08106604072775367, 0.08010145897228131, 0.07981668984992704, 0.07928134283025033, 0.07511093607757334, 0.07503004443305752, 0.07494644562118723, 0.07506277533490291, 0.07481814754888486, 0.0748273002133383, 0.0747572339638396], [0.0747572339638396, 20]], [0.3571428571428572, [1.0584691868944178, 0.6862500542985862, 0.44630436133764556, 0.29347414169334785, 0.20878531587371063, 0.15349579716518974, 0.12604464608851634, 0.11187519012083988, 0.11425818622334939, 0.11068457500627338, 0.10880868743140686, 0.10899856105502502, 0.10848435646228773, 0.1081806174785583, 0.10804681302956358, 0.10795170616541556, 0.10785121123917978, 0.10772630639905455, 0.10773591753874212, 0.10776005853664536, 0.10776007442334037, 0.10761430186692941, 0.10763868952963515, 0.10757136852977399, 0.10764347622639951, 0.10764781800451283, 0.10755448448533218, 0.1075343278794763, 0.10744348045510356], [0.10744348045510356, 28]], [0.48571428571428577, [1.0592117800066796, 0.6851616147206673, 0.4485747767566907, 0.29548758850288387, 0.20972333313473934, 0.16128983653689083, 0.1330336371566112, 0.1200475878859126, 0.11356644939204322, 0.11017754134590069, 0.10843197159557362, 0.10762288021492701, 0.1070488177186466, 0.10680690159310743, 0.10668487567256596, 0.10663218922029297, 0.10646937657348957, 0.10650838525596072, 0.10640444341607112, 0.10638274845366896, 0.10635820278242877, 0.10637203993111582, 0.10629973720468323, 0.10628653095300902, 0.10629807652058762, 0.10631436573490109, 0.10636202755618943, 0.10638382666665629, 0.10633721817728663, 0.10626505880065613], [0.10626505880065613, 29]], [0.6142857142857143, [1.05927211288013, 0.6857356782951937, 0.4526002920917143, 0.30441534403313847, 0.21811958163349346, 0.17189070143595217, 0.14428127670455318, 0.13236124442128203, 0.12829289563944857, 0.12483100729711939, 0.12307343962894092, 0.1221365948893514, 0.12156759401164452, 0.12123701340247413, 0.12114457548605685, 0.12107719083119896, 0.121023065455401, 0.12100441435372586, 0.12090459876774587, 0.12083065639299179, 0.12077095436938413, 0.12072779789391758, 0.12072228249160341, 0.12070353767760827, 0.12074338528323335, 0.12064981942011986], [0.12064981942011986, 25]], [0.7428571428571429, [1.05820571480864, 0.6815072375138757, 0.4491473661993502, 0.3090706202697006, 0.2201420883204155, 0.17102008470659347, 0.141459824693177, 0.12859337843257146, 0.12229383211783428, 0.11889105082961575, 0.11715596754984997, 0.1162316359992788, 0.11571418807312311, 0.11538922893489978, 0.11523749188445061, 0.11515248164571877, 0.1150633021153347, 0.11502775977361476, 0.11496896042831, 0.11491297708313992, 0.1148959773809907, 0.1148945706915407, 0.11489332500526438], [0.11489332500526438, 22]], [0.8714285714285716, [1.0574763790679165, 0.6810310748318726, 0.4423402389572776, 0.29793063069173137, 0.2057876276026526, 0.1615880294377929, 0.1316839185193795, 0.11716422165099052, 0.11034536667163448, 0.10655740462785884, 0.10477968053383932, 0.10385261591338493, 0.10333979983514796, 0.10304683299000145, 0.1028822154268641, 0.10276807629531662, 0.10269272036626645, 0.1026515141311508, 0.10263007793617995, 0.10260499349812992, 0.1026002457998668, 0.10259605326805313, 0.10258832773685878, 0.1025785730677812, 0.10257879289165645, 0.10257405641194833, 0.10256813028393494], [0.10256813028393494, 26]], [1.0, [1.0572760301824597, 0.6801636427448485, 0.43617557558579717, 0.29009557310769124, 0.1961621840795519, 0.14743824142979547, 0.11802464200049798, 0.10364328080796688, 0.09690995701302275, 0.09371915119727713, 0.09224131061319958, 0.09152135852678288, 0.09115335397553671, 0.0909535651768724, 0.09084030055478275, 0.09077370250165476, 0.09073339132603893, 0.0907084323660297, 0.09069269301580556, 0.09068260400863358, 0.09067602742366662, 0.09067165549661872, 0.09066867639948487, 0.09066658108790175, 0.09066504822867988, 0.09066387407670169, 0.090662929070125, 0.0906621306578141, 0.09066142617630461, 0.09066078199970776, 0.09066017664309683, 0.09065959637605325, 0.09065903241756475, 0.09065847915240602, 0.09065793298804878, 0.09065739162546585, 0.09065685359432989, 0.09065631795357516, 0.09065578409965296, 0.09065525164642727, 0.0906547203461158, 0.09065419003886736, 0.09065366062302145, 0.09065313203317532, 0.09065260422656325], [0.09065260422656325, 44]]]}