{"N_train": 5000, "N_test": 50000, "Ratios": [0.6, 0.8, 1.0], "test_errors": [[0.6, [0.24379160403934297, 0.16077888757633083, 0.1508037808527408, 0.14985385472181378, 0.14975385995255866, 0.149631057907481, 0.1495055713597159, 0.14941127965024711, 0.14939751876995036, 0.14932079442097684, 0.14933184500502866, 0.14925527513707945, 0.14913993998661026, 0.1491967965497293, 0.1491630751496521, 0.14908840514290378, 0.14905625544277037, 0.1490636231024907, 0.1490148489808936, 0.1490161558072173, 0.14900148826769669, 0.14902377300865974, 0.1490092655498186, 0.14895550859672374, 0.14892742184585148, 0.1490017199473249, 0.14900102190311, 0.14900037782865508, 0.14886318131698525], [0.14886318131698525, 28]], [0.8, [0.24379160403934297, 0.16014922640167825, 0.15048545074058456, 0.1495178352911298, 0.1493554468484987, 0.14926707358878066, 0.14916707552243771, 0.14910576070516593, 0.14910947922789222, 0.1490585416731793, 0.1490332144908166, 0.149008969567623, 0.14892976746193282, 0.1489559396865099, 0.14891191883762353, 0.1488750642128048, 0.14887253234753128], [0.14887253234753128, 16]], [1.0, [0.24379160403934297, 0.15918059065752055, 0.14972815624854519, 0.14876644303817507, 0.1485896699516609, 0.1485062416358554, 0.14844506324662857, 0.14839598702665285, 0.14835595540132318, 0.14832319161609994, 0.14829637159783488, 0.14827443590730083, 0.14825651854735294, 0.14824190690732894, 0.14823001344656167, 0.14822035356352947, 0.14821252761146092, 0.14820620610783364, 0.14820111751180642, 0.1481970381248308, 0.14819378373767497, 0.14819120272999883, 0.14818917036909623, 0.14818758410079344, 0.1481863596636129, 0.14818542787877256, 0.148184732001598, 0.1481842255348095, 0.14818387042451142, 0.14818363557089748], [0.14818363557089748, 29]]]}