{"N_train": 5000, "N_test": 50000, "Ratios": [0.6, 0.8, 1.0], "test_errors": [[0.6, [0.22966488001290264, 0.16257630435877218, 0.15717497449045328, 0.15685417644788513, 0.1567842857789971, 0.15667930702143038, 0.1565435245087806, 0.15649550478094232, 0.15645210973717955, 0.15649830489492808, 0.1563728479319475, 0.15630840728822334, 0.15637315822537262, 0.15634583738799218, 0.1562775089234002, 0.1562240436734876, 0.15623349157626268, 0.1561856855783975, 0.15614379101822964, 0.15617197011306605, 0.15620002330101965, 0.15612627264384274, 0.15607434329141998, 0.15606721393403264, 0.15619678129017026, 0.1561681540285418, 0.15612650392455454, 0.15601111353260821], [0.15601111353260821, 27]], [0.8, [0.22766029520142028, 0.15956116722996322, 0.15361176298225515, 0.15321969799342708, 0.15311665495214977, 0.15301823208292378, 0.15294521294130964, 0.15292032099802522, 0.15286190508744268, 0.15285288812131828, 0.15278545035318067, 0.152717283894274, 0.1527443995423996, 0.15270475871747594, 0.15265519721816445, 0.1526323520570006], [0.1526323520570006, 15]], [1.0, [0.22339003653989778, 0.15586991766425104, 0.14985617526812486, 0.14955536794953775, 0.14947799714718865, 0.14941846321868785, 0.14936668254219426, 0.14932316809424423, 0.14928742193449465, 0.149258417165122, 0.14923508113563774, 0.1492164509804838, 0.14920170338885808, 0.14919014666617728, 0.14918120380664202, 0.1491743951124576, 0.14916932262259625, 0.14916565674379106, 0.1491631249465708, 0.14916150226616465, 0.1491606033432067, 0.14916027576474258], [0.14916027576474258, 21]]]}