{"N_train": 20000, "N_test": 100000, "Ratios": [0.1, 0.16000000000000003, 0.22000000000000003, 0.28, 0.3400000000000001, 0.4], "test_errors": [[0.1, [0.4000809719830752, 0.2805011145885749, 0.21677858233252337, 0.19017465254329718, 0.17866921293826718, 0.1726905952509913, 0.17161176971317482, 0.17120566432244289, 0.17086512723827, 0.17067141365153324, 0.16917298479841156, 0.16894852291842102], [0.16894852291842102, 11]], [0.16000000000000003, [0.3966576988582793, 0.27532168712399385, 0.2096414928397074, 0.17856338939641858, 0.16587635378809168, 0.1605086743445116, 0.15783554170888847, 0.15671027218422395, 0.15630860725446102], [0.15630860725446102, 8]], [0.22000000000000003, [0.3976965289357981, 0.2745202080454972, 0.2067398703353814, 0.173155356932833, 0.15995567939566618, 0.15424856449839205, 0.1521412778271814, 0.1511742300476406, 0.1506814953349767, 0.15054450989727833], [0.15054450989727833, 9]], [0.28, [0.3970806194442172, 0.27220524446372996, 0.20621366343602718, 0.17126679651830648, 0.15599351274064865, 0.15028151910760515, 0.14791068513662584, 0.14684600258807418, 0.1463181625207055, 0.14613287890724533, 0.14595011100400326], [0.14595011100400326, 10]], [0.3400000000000001, [0.39449720233585445, 0.2708518940757061, 0.20354174935566435, 0.16954950674749739, 0.15302484054539536, 0.14737732240945237, 0.14461587031932882, 0.14357121910427567, 0.14305127123213324, 0.14271251912327484], [0.14271251912327484, 9]], [0.4, [0.39594899373860143, 0.27207180806031156, 0.20248198784295945, 0.16835021711425607, 0.15203916405624668, 0.14563520055207402, 0.14317191469377286, 0.1420078892838857, 0.14163403831303065, 0.14145489781343842], [0.14145489781343842, 9]]]}