{"N_train": 5000, "N_test": 50000, "Ratios": [0.1, 0.16000000000000003, 0.22000000000000003, 0.28, 0.3400000000000001, 0.4], "test_errors": [[0.1, [0.7381246206428279, 0.486968406770455, 0.3227481343550538, 0.23093314175498889, 0.1761482664268915, 0.150710976708087, 0.13966347491395545, 0.13479607950605307, 0.13431254911028737, 0.13367438220989988], [0.13367438220989988, 9]], [0.16000000000000003, [0.7286748894689514, 0.4780803915685935, 0.3157500858712939, 0.22008219838719778, 0.16435827416276835, 0.13523023753899377, 0.11991341332483867, 0.11397313045064777, 0.11238119955920794, 0.11123985024989176, 0.11050132442383277, 0.11027962267244701], [0.11027962267244701, 11]], [0.22000000000000003, [0.7213129371406938, 0.46497130049086105, 0.30392854311556233, 0.2072230656770123, 0.15099453117007972, 0.123196505099032, 0.10817994748420987, 0.10324461842917418, 0.10055011689048085, 0.09935773021073978, 0.09924751981718825, 0.09904589705082939, 0.09907795284274247, 0.09893427130567288], [0.09893427130567288, 13]], [0.28, [0.7259832147639249, 0.4707085481707488, 0.30951079043717733, 0.2078442138317048, 0.14819395949022818, 0.11603835878839602, 0.10165870551023465, 0.09405334450342229, 0.09077513661867513, 0.08935731968425853, 0.08909176599485262, 0.08897277956054325], [0.08897277956054325, 11]], [0.3400000000000001, [0.7268623894545261, 0.4649760353963682, 0.3039358907738747, 0.2051844669241791, 0.1474340938376561, 0.11711040308883827, 0.1018388957893542, 0.09513542919688153, 0.09266138777407784, 0.09105752828484544, 0.09069274501237604, 0.0904873688097891], [0.0904873688097891, 11]], [0.4, [0.7244678941239084, 0.4607567526308739, 0.2988202387331738, 0.20111012005863968, 0.14360524547818734, 0.11296109970894934, 0.09819638296096073, 0.09296641645082741, 0.08980485239192015, 0.08873190261215232, 0.08825091316070083, 0.08794695476473008], [0.08794695476473008, 11]]]}